[
  {
    "authorId": "001",
    "articleNumber": "1",
    "fileName": "author_001_article_1.mdx"
  },
  {
    "authorId": "002",
    "articleNumber": "1",
    "fileName": "author_002_article_1.mdx"
  },
  {
    "authorId": "003",
    "articleNumber": "1",
    "fileName": "author_003_article_1.mdx"
  },
  {
    "authorId": "004",
    "articleNumber": "1",
    "fileName": "author_004_article_1.mdx"
  },
  {
    "authorId": "005",
    "articleNumber": "1",
    "fileName": "author_005_article_1.mdx"
  },
  {
    "authorId": "006",
    "articleNumber": "1",
    "fileName": "author_006_article_1.mdx"
  },
  {
    "authorId": "007",
    "articleNumber": "1",
    "fileName": "author_007_article_1.mdx"
  },
  {
    "authorId": "008",
    "articleNumber": "1",
    "fileName": "author_008_article_1.mdx"
  },
  {
    "authorId": "009",
    "articleNumber": "1",
    "fileName": "author_009_article_1.mdx"
  },
  {
    "authorId": "010",
    "articleNumber": "1",
    "fileName": "author_010_article_1.mdx"
  },
  {
    "authorId": "011",
    "articleNumber": "1",
    "fileName": "author_011_article_1.mdx"
  },
  {
    "authorId": "012",
    "articleNumber": "1",
    "fileName": "author_012_article_1.mdx"
  },
  {
    "authorId": "013",
    "articleNumber": "1",
    "fileName": "author_013_article_1.mdx"
  },
  {
    "authorId": "014",
    "articleNumber": "1",
    "fileName": "author_014_article_1.mdx"
  },
  {
    "authorId": "015",
    "articleNumber": "1",
    "fileName": "author_015_article_1.mdx"
  },
  {
    "authorId": "016",
    "articleNumber": "1",
    "fileName": "author_016_article_1.mdx"
  },
  {
    "authorId": "017",
    "articleNumber": "1",
    "fileName": "author_017_article_1.mdx"
  },
  {
    "authorId": "018",
    "articleNumber": "1",
    "fileName": "author_018_article_1.mdx"
  },
  {
    "authorId": "019",
    "articleNumber": "1",
    "fileName": "author_019_article_1.mdx"
  },
  {
    "authorId": "020",
    "articleNumber": "1",
    "fileName": "author_020_article_1.mdx"
  },
  {
    "authorId": "021",
    "articleNumber": "1",
    "fileName": "author_021_article_1.mdx"
  },
  {
    "authorId": "022",
    "articleNumber": "1",
    "fileName": "author_022_article_1.mdx"
  },
  {
    "authorId": "023",
    "articleNumber": "1",
    "fileName": "author_023_article_1.mdx"
  },
  {
    "authorId": "024",
    "articleNumber": "1",
    "fileName": "author_024_article_1.mdx"
  },
  {
    "authorId": "025",
    "articleNumber": "1",
    "fileName": "author_025_article_1.mdx"
  },
  {
    "authorId": "026",
    "articleNumber": "1",
    "fileName": "author_026_article_1.mdx"
  },
  {
    "authorId": "027",
    "articleNumber": "1",
    "fileName": "author_027_article_1.mdx"
  },
  {
    "authorId": "028",
    "articleNumber": "1",
    "fileName": "author_028_article_1.mdx"
  },
  {
    "authorId": "029",
    "articleNumber": "1",
    "fileName": "author_029_article_1.mdx"
  },
  {
    "authorId": "030",
    "articleNumber": "1",
    "fileName": "author_030_article_1.mdx"
  },
  {
    "authorId": "031",
    "articleNumber": "1",
    "fileName": "author_031_article_1.mdx"
  },
  {
    "authorId": "032",
    "articleNumber": "1",
    "fileName": "author_032_article_1.mdx"
  },
  {
    "authorId": "033",
    "articleNumber": "1",
    "fileName": "author_033_article_1.mdx"
  },
  {
    "authorId": "034",
    "articleNumber": "1",
    "fileName": "author_034_article_1.mdx"
  },
  {
    "authorId": "035",
    "articleNumber": "1",
    "fileName": "author_035_article_1.mdx"
  },
  {
    "authorId": "036",
    "articleNumber": "1",
    "fileName": "author_036_article_1.mdx"
  },
  {
    "authorId": "037",
    "articleNumber": "1",
    "fileName": "author_037_article_1.mdx"
  },
  {
    "authorId": "038",
    "articleNumber": "1",
    "fileName": "author_038_article_1.mdx"
  },
  {
    "authorId": "039",
    "articleNumber": "1",
    "fileName": "author_039_article_1.mdx"
  },
  {
    "authorId": "040",
    "articleNumber": "1",
    "fileName": "author_040_article_1.mdx"
  },
  {
    "authorId": "041",
    "articleNumber": "1",
    "fileName": "author_041_article_1.mdx"
  },
  {
    "authorId": "042",
    "articleNumber": "1",
    "fileName": "author_042_article_1.mdx"
  },
  {
    "authorId": "043",
    "articleNumber": "1",
    "fileName": "author_043_article_1.mdx"
  },
  {
    "authorId": "044",
    "articleNumber": "1",
    "fileName": "author_044_article_1.mdx"
  },
  {
    "authorId": "045",
    "articleNumber": "1",
    "fileName": "author_045_article_1.mdx"
  },
  {
    "authorId": "046",
    "articleNumber": "1",
    "fileName": "author_046_article_1.mdx"
  },
  {
    "authorId": "047",
    "articleNumber": "1",
    "fileName": "author_047_article_1.mdx"
  },
  {
    "authorId": "048",
    "articleNumber": "1",
    "fileName": "author_048_article_1.mdx"
  },
  {
    "authorId": "049",
    "articleNumber": "1",
    "fileName": "author_049_article_1.mdx"
  },
  {
    "authorId": "050",
    "articleNumber": "1",
    "fileName": "author_050_article_1.mdx"
  },
  {
    "authorId": "051",
    "articleNumber": "1",
    "fileName": "author_051_article_1.mdx"
  },
  {
    "authorId": "052",
    "articleNumber": "1",
    "fileName": "author_052_article_1.mdx"
  },
  {
    "authorId": "053",
    "articleNumber": "1",
    "fileName": "author_053_article_1.mdx"
  },
  {
    "authorId": "054",
    "articleNumber": "1",
    "fileName": "author_054_article_1.mdx"
  },
  {
    "authorId": "055",
    "articleNumber": "1",
    "fileName": "author_055_article_1.mdx"
  },
  {
    "authorId": "056",
    "articleNumber": "1",
    "fileName": "author_056_article_1.mdx"
  },
  {
    "authorId": "057",
    "articleNumber": "1",
    "fileName": "author_057_article_1.mdx"
  },
  {
    "authorId": "058",
    "articleNumber": "1",
    "fileName": "author_058_article_1.mdx"
  },
  {
    "authorId": "059",
    "articleNumber": "1",
    "fileName": "author_059_article_1.mdx"
  },
  {
    "authorId": "060",
    "articleNumber": "1",
    "fileName": "author_060_article_1.mdx"
  },
  {
    "authorId": "061",
    "articleNumber": "1",
    "fileName": "author_061_article_1.mdx"
  },
  {
    "authorId": "062",
    "articleNumber": "1",
    "fileName": "author_062_article_1.mdx"
  },
  {
    "authorId": "063",
    "articleNumber": "1",
    "fileName": "author_063_article_1.mdx"
  },
  {
    "authorId": "064",
    "articleNumber": "1",
    "fileName": "author_064_article_1.mdx"
  },
  {
    "authorId": "065",
    "articleNumber": "1",
    "fileName": "author_065_article_1.mdx"
  },
  {
    "authorId": "066",
    "articleNumber": "1",
    "fileName": "author_066_article_1.mdx"
  },
  {
    "authorId": "067",
    "articleNumber": "1",
    "fileName": "author_067_article_1.mdx"
  },
  {
    "authorId": "068",
    "articleNumber": "1",
    "fileName": "author_068_article_1.mdx"
  },
  {
    "authorId": "069",
    "articleNumber": "1",
    "fileName": "author_069_article_1.mdx"
  },
  {
    "authorId": "070",
    "articleNumber": "1",
    "fileName": "author_070_article_1.mdx"
  },
  {
    "authorId": "071",
    "articleNumber": "1",
    "fileName": "author_071_article_1.mdx"
  },
  {
    "authorId": "072",
    "articleNumber": "1",
    "fileName": "author_072_article_1.mdx"
  },
  {
    "authorId": "073",
    "articleNumber": "1",
    "fileName": "author_073_article_1.mdx"
  },
  {
    "authorId": "074",
    "articleNumber": "1",
    "fileName": "author_074_article_1.mdx"
  },
  {
    "authorId": "075",
    "articleNumber": "1",
    "fileName": "author_075_article_1.mdx"
  },
  {
    "authorId": "076",
    "articleNumber": "1",
    "fileName": "author_076_article_1.mdx"
  },
  {
    "authorId": "077",
    "articleNumber": "1",
    "fileName": "author_077_article_1.mdx"
  },
  {
    "authorId": "078",
    "articleNumber": "1",
    "fileName": "author_078_article_1.mdx"
  },
  {
    "authorId": "079",
    "articleNumber": "1",
    "fileName": "author_079_article_1.mdx"
  },
  {
    "authorId": "080",
    "articleNumber": "1",
    "fileName": "author_080_article_1.mdx"
  },
  {
    "authorId": "081",
    "articleNumber": "1",
    "fileName": "author_081_article_1.mdx"
  },
  {
    "authorId": "082",
    "articleNumber": "1",
    "fileName": "author_082_article_1.mdx"
  },
  {
    "authorId": "083",
    "articleNumber": "1",
    "fileName": "author_083_article_1.mdx"
  },
  {
    "authorId": "084",
    "articleNumber": "1",
    "fileName": "author_084_article_1.mdx"
  },
  {
    "authorId": "085",
    "articleNumber": "1",
    "fileName": "author_085_article_1.mdx"
  },
  {
    "authorId": "086",
    "articleNumber": "1",
    "fileName": "author_086_article_1.mdx"
  },
  {
    "authorId": "087",
    "articleNumber": "1",
    "fileName": "author_087_article_1.mdx"
  },
  {
    "authorId": "088",
    "articleNumber": "1",
    "fileName": "author_088_article_1.mdx"
  },
  {
    "authorId": "089",
    "articleNumber": "1",
    "fileName": "author_089_article_1.mdx"
  },
  {
    "authorId": "090",
    "articleNumber": "1",
    "fileName": "author_090_article_1.mdx"
  },
  {
    "authorId": "091",
    "articleNumber": "1",
    "fileName": "author_091_article_1.mdx"
  },
  {
    "authorId": "092",
    "articleNumber": "1",
    "fileName": "author_092_article_1.mdx"
  },
  {
    "authorId": "093",
    "articleNumber": "1",
    "fileName": "author_093_article_1.mdx"
  },
  {
    "authorId": "094",
    "articleNumber": "1",
    "fileName": "author_094_article_1.mdx"
  },
  {
    "authorId": "095",
    "articleNumber": "1",
    "fileName": "author_095_article_1.mdx"
  },
  {
    "authorId": "096",
    "articleNumber": "1",
    "fileName": "author_096_article_1.mdx"
  },
  {
    "authorId": "097",
    "articleNumber": "1",
    "fileName": "author_097_article_1.mdx"
  },
  {
    "authorId": "098",
    "articleNumber": "1",
    "fileName": "author_098_article_1.mdx"
  },
  {
    "authorId": "099",
    "articleNumber": "1",
    "fileName": "author_099_article_1.mdx"
  },
  {
    "authorId": "100",
    "articleNumber": "1",
    "fileName": "author_100_article_1.mdx"
  },
  {
    "authorId": "101",
    "articleNumber": "1",
    "fileName": "author_101_article_1.mdx"
  },
  {
    "authorId": "102",
    "articleNumber": "1",
    "fileName": "author_102_article_1.mdx"
  },
  {
    "authorId": "103",
    "articleNumber": "1",
    "fileName": "author_103_article_1.mdx"
  },
  {
    "authorId": "104",
    "articleNumber": "1",
    "fileName": "author_104_article_1.mdx"
  },
  {
    "authorId": "105",
    "articleNumber": "1",
    "fileName": "author_105_article_1.mdx"
  },
  {
    "authorId": "106",
    "articleNumber": "1",
    "fileName": "author_106_article_1.mdx"
  },
  {
    "authorId": "107",
    "articleNumber": "1",
    "fileName": "author_107_article_1.mdx"
  },
  {
    "authorId": "108",
    "articleNumber": "1",
    "fileName": "author_108_article_1.mdx"
  },
  {
    "authorId": "109",
    "articleNumber": "1",
    "fileName": "author_109_article_1.mdx"
  },
  {
    "authorId": "110",
    "articleNumber": "1",
    "fileName": "author_110_article_1.mdx"
  },
  {
    "authorId": "111",
    "articleNumber": "1",
    "fileName": "author_111_article_1.mdx"
  },
  {
    "authorId": "112",
    "articleNumber": "1",
    "fileName": "author_112_article_1.mdx"
  },
  {
    "authorId": "113",
    "articleNumber": "1",
    "fileName": "author_113_article_1.mdx"
  },
  {
    "authorId": "114",
    "articleNumber": "1",
    "fileName": "author_114_article_1.mdx"
  },
  {
    "authorId": "115",
    "articleNumber": "1",
    "fileName": "author_115_article_1.mdx"
  },
  {
    "authorId": "116",
    "articleNumber": "1",
    "fileName": "author_116_article_1.mdx"
  },
  {
    "authorId": "117",
    "articleNumber": "1",
    "fileName": "author_117_article_1.mdx"
  },
  {
    "authorId": "118",
    "articleNumber": "1",
    "fileName": "author_118_article_1.mdx"
  },
  {
    "authorId": "119",
    "articleNumber": "1",
    "fileName": "author_119_article_1.mdx"
  },
  {
    "authorId": "120",
    "articleNumber": "1",
    "fileName": "author_120_article_1.mdx"
  },
  {
    "authorId": "121",
    "articleNumber": "1",
    "fileName": "author_121_article_1.mdx"
  },
  {
    "authorId": "122",
    "articleNumber": "1",
    "fileName": "author_122_article_1.mdx"
  },
  {
    "authorId": "123",
    "articleNumber": "1",
    "fileName": "author_123_article_1.mdx"
  },
  {
    "authorId": "124",
    "articleNumber": "1",
    "fileName": "author_124_article_1.mdx"
  },
  {
    "authorId": "125",
    "articleNumber": "1",
    "fileName": "author_125_article_1.mdx"
  },
  {
    "authorId": "126",
    "articleNumber": "1",
    "fileName": "author_126_article_1.mdx"
  },
  {
    "authorId": "127",
    "articleNumber": "1",
    "fileName": "author_127_article_1.mdx"
  },
  {
    "authorId": "128",
    "articleNumber": "1",
    "fileName": "author_128_article_1.mdx"
  },
  {
    "authorId": "129",
    "articleNumber": "1",
    "fileName": "author_129_article_1.mdx"
  },
  {
    "authorId": "130",
    "articleNumber": "1",
    "fileName": "author_130_article_1.mdx"
  },
  {
    "authorId": "131",
    "articleNumber": "1",
    "fileName": "author_131_article_1.mdx"
  },
  {
    "authorId": "132",
    "articleNumber": "1",
    "fileName": "author_132_article_1.mdx"
  },
  {
    "authorId": "133",
    "articleNumber": "1",
    "fileName": "author_133_article_1.mdx"
  },
  {
    "authorId": "134",
    "articleNumber": "1",
    "fileName": "author_134_article_1.mdx"
  },
  {
    "authorId": "135",
    "articleNumber": "1",
    "fileName": "author_135_article_1.mdx"
  },
  {
    "authorId": "136",
    "articleNumber": "1",
    "fileName": "author_136_article_1.mdx"
  },
  {
    "authorId": "137",
    "articleNumber": "1",
    "fileName": "author_137_article_1.mdx"
  },
  {
    "authorId": "138",
    "articleNumber": "1",
    "fileName": "author_138_article_1.mdx"
  },
  {
    "authorId": "139",
    "articleNumber": "1",
    "fileName": "author_139_article_1.mdx"
  },
  {
    "authorId": "140",
    "articleNumber": "1",
    "fileName": "author_140_article_1.mdx"
  },
  {
    "authorId": "141",
    "articleNumber": "1",
    "fileName": "author_141_article_1.mdx"
  },
  {
    "authorId": "142",
    "articleNumber": "1",
    "fileName": "author_142_article_1.mdx"
  },
  {
    "authorId": "143",
    "articleNumber": "1",
    "fileName": "author_143_article_1.mdx"
  },
  {
    "authorId": "144",
    "articleNumber": "1",
    "fileName": "author_144_article_1.mdx"
  },
  {
    "authorId": "145",
    "articleNumber": "1",
    "fileName": "author_145_article_1.mdx"
  },
  {
    "authorId": "146",
    "articleNumber": "1",
    "fileName": "author_146_article_1.mdx"
  },
  {
    "authorId": "147",
    "articleNumber": "1",
    "fileName": "author_147_article_1.mdx"
  },
  {
    "authorId": "148",
    "articleNumber": "1",
    "fileName": "author_148_article_1.mdx"
  },
  {
    "authorId": "149",
    "articleNumber": "1",
    "fileName": "author_149_article_1.mdx"
  },
  {
    "authorId": "150",
    "articleNumber": "1",
    "fileName": "author_150_article_1.mdx"
  },
  {
    "authorId": "151",
    "articleNumber": "1",
    "fileName": "author_151_article_1.mdx"
  },
  {
    "authorId": "152",
    "articleNumber": "1",
    "fileName": "author_152_article_1.mdx"
  },
  {
    "authorId": "153",
    "articleNumber": "1",
    "fileName": "author_153_article_1.mdx"
  },
  {
    "authorId": "154",
    "articleNumber": "1",
    "fileName": "author_154_article_1.mdx"
  },
  {
    "authorId": "155",
    "articleNumber": "1",
    "fileName": "author_155_article_1.mdx"
  },
  {
    "authorId": "156",
    "articleNumber": "1",
    "fileName": "author_156_article_1.mdx"
  },
  {
    "authorId": "157",
    "articleNumber": "1",
    "fileName": "author_157_article_1.mdx"
  },
  {
    "authorId": "158",
    "articleNumber": "1",
    "fileName": "author_158_article_1.mdx"
  },
  {
    "authorId": "159",
    "articleNumber": "1",
    "fileName": "author_159_article_1.mdx"
  },
  {
    "authorId": "160",
    "articleNumber": "1",
    "fileName": "author_160_article_1.mdx"
  },
  {
    "authorId": "161",
    "articleNumber": "1",
    "fileName": "author_161_article_1.mdx"
  },
  {
    "authorId": "162",
    "articleNumber": "1",
    "fileName": "author_162_article_1.mdx"
  },
  {
    "authorId": "163",
    "articleNumber": "1",
    "fileName": "author_163_article_1.mdx"
  },
  {
    "authorId": "164",
    "articleNumber": "1",
    "fileName": "author_164_article_1.mdx"
  },
  {
    "authorId": "165",
    "articleNumber": "1",
    "fileName": "author_165_article_1.mdx"
  },
  {
    "authorId": "166",
    "articleNumber": "1",
    "fileName": "author_166_article_1.mdx"
  },
  {
    "authorId": "167",
    "articleNumber": "1",
    "fileName": "author_167_article_1.mdx"
  },
  {
    "authorId": "168",
    "articleNumber": "1",
    "fileName": "author_168_article_1.mdx"
  },
  {
    "authorId": "169",
    "articleNumber": "1",
    "fileName": "author_169_article_1.mdx"
  },
  {
    "authorId": "170",
    "articleNumber": "1",
    "fileName": "author_170_article_1.mdx"
  },
  {
    "authorId": "171",
    "articleNumber": "1",
    "fileName": "author_171_article_1.mdx"
  },
  {
    "authorId": "172",
    "articleNumber": "1",
    "fileName": "author_172_article_1.mdx"
  },
  {
    "authorId": "173",
    "articleNumber": "1",
    "fileName": "author_173_article_1.mdx"
  },
  {
    "authorId": "174",
    "articleNumber": "1",
    "fileName": "author_174_article_1.mdx"
  },
  {
    "authorId": "175",
    "articleNumber": "1",
    "fileName": "author_175_article_1.mdx"
  },
  {
    "authorId": "176",
    "articleNumber": "1",
    "fileName": "author_176_article_1.mdx"
  },
  {
    "authorId": "177",
    "articleNumber": "1",
    "fileName": "author_177_article_1.mdx"
  },
  {
    "authorId": "178",
    "articleNumber": "1",
    "fileName": "author_178_article_1.mdx"
  },
  {
    "authorId": "179",
    "articleNumber": "1",
    "fileName": "author_179_article_1.mdx"
  },
  {
    "authorId": "180",
    "articleNumber": "1",
    "fileName": "author_180_article_1.mdx"
  },
  {
    "authorId": "181",
    "articleNumber": "1",
    "fileName": "author_181_article_1.mdx"
  },
  {
    "authorId": "182",
    "articleNumber": "1",
    "fileName": "author_182_article_1.mdx"
  },
  {
    "authorId": "183",
    "articleNumber": "1",
    "fileName": "author_183_article_1.mdx"
  },
  {
    "authorId": "184",
    "articleNumber": "1",
    "fileName": "author_184_article_1.mdx"
  },
  {
    "authorId": "185",
    "articleNumber": "1",
    "fileName": "author_185_article_1.mdx"
  },
  {
    "authorId": "186",
    "articleNumber": "1",
    "fileName": "author_186_article_1.mdx"
  },
  {
    "authorId": "187",
    "articleNumber": "1",
    "fileName": "author_187_article_1.mdx"
  },
  {
    "authorId": "188",
    "articleNumber": "1",
    "fileName": "author_188_article_1.mdx"
  },
  {
    "authorId": "189",
    "articleNumber": "1",
    "fileName": "author_189_article_1.mdx"
  },
  {
    "authorId": "190",
    "articleNumber": "1",
    "fileName": "author_190_article_1.mdx"
  },
  {
    "authorId": "191",
    "articleNumber": "1",
    "fileName": "author_191_article_1.mdx"
  },
  {
    "authorId": "192",
    "articleNumber": "1",
    "fileName": "author_192_article_1.mdx"
  },
  {
    "authorId": "193",
    "articleNumber": "1",
    "fileName": "author_193_article_1.mdx"
  },
  {
    "authorId": "194",
    "articleNumber": "1",
    "fileName": "author_194_article_1.mdx"
  },
  {
    "authorId": "195",
    "articleNumber": "1",
    "fileName": "author_195_article_1.mdx"
  },
  {
    "authorId": "196",
    "articleNumber": "1",
    "fileName": "author_196_article_1.mdx"
  },
  {
    "authorId": "197",
    "articleNumber": "1",
    "fileName": "author_197_article_1.mdx"
  },
  {
    "authorId": "198",
    "articleNumber": "1",
    "fileName": "author_198_article_1.mdx"
  },
  {
    "authorId": "199",
    "articleNumber": "1",
    "fileName": "author_199_article_1.mdx"
  },
  {
    "authorId": "200",
    "articleNumber": "1",
    "fileName": "author_200_article_1.mdx"
  }
]